	time	range_hot	range_hot_high	range_hot_low	range_cold	range_cold_high	range_cold_low
0	2000	77.0	77.0	77.0	67.0	67.0	67.0
1	2002	77.0	77.0	77.0	67.0	67.0	67.0
2	2004	77.0	78.0	77.0	67.0	67.0	66.0
3	2006	78.0	78.0	77.0	66.0	66.0	66.0
4	2008	78.0	78.0	78.0	66.0	66.0	66.0
5	2010	78.0	78.0	78.0	66.0	66.0	66.0
6	2012	78.0	78.0	78.0	66.0	66.0	66.0
7	2014	78.0	78.0	78.0	66.0	66.0	66.0
8	2016	78.0	78.0	78.0	66.0	66.0	66.0
9	2018	78.0	78.0	78.0	66.0	66.0	66.0
10	2020	78.0	78.0	78.0	66.0	66.0	65.0
11	2022	78.0	79.0	78.0	65.0	66.0	65.0
12	2024	78.0	79.0	78.0	65.0	66.0	65.0
13	2026	79.0	79.0	78.0	65.0	65.0	65.0
14	2028	79.0	79.0	78.0	65.0	65.0	65.0
15	2030	79.0	79.0	79.0	65.0	65.0	65.0
16	2032	79.0	79.0	79.0	65.0	65.0	65.0
17	2034	79.0	79.0	79.0	65.0	65.0	65.0
18	2036	79.0	79.0	79.0	65.0	65.0	64.0
19	2038	79.0	79.0	79.0	65.0	65.0	64.0
20	2040	79.0	80.0	79.0	65.0	65.0	64.0
21	2042	79.0	80.0	79.0	64.0	65.0	64.0
22	2044	79.0	80.0	79.0	64.0	65.0	64.0
23	2046	80.0	80.0	79.0	64.0	65.0	64.0
24	2048	80.0	80.0	79.0	64.0	64.0	64.0
25	2050	80.0	80.0	79.75	64.0	64.0	64.0
26	2052	80.0	80.0	80.0	64.0	64.0	64.0
27	2054	80.0	80.0	80.0	64.0	64.0	63.75
28	2056	80.0	80.0	80.0	64.0	64.0	63.0
29	2058	80.0	80.0	80.0	64.0	64.0	63.0
30	2060	80.0	81.0	80.0	64.0	64.0	63.0
31	2062	80.0	81.0	80.0	63.0	64.0	63.0
32	2064	80.0	81.0	80.0	63.0	64.0	63.0
33	2066	80.0	81.0	80.0	63.0	64.0	63.0
34	2068	81.0	81.0	80.0	63.0	63.0	63.0
35	2070	81.0	81.0	80.0	63.0	63.0	63.0
36	2072	81.0	81.0	80.0	63.0	63.0	62.0
37	2074	81.0	81.0	80.0	63.0	63.0	62.0
38	2076	81.0	81.0	80.0	63.0	63.0	62.0
39	2078	81.0	81.0	81.0	63.0	63.0	62.0
40	2080	81.0	81.0	81.0	62.0	63.0	62.0
41	2082	81.0	82.0	81.0	62.0	63.0	62.0
42	2084	81.0	82.0	81.0	62.0	63.0	62.0
43	2086	81.0	82.0	81.0	62.0	63.0	62.0
44	2088	81.0	82.0	81.0	62.0	62.0	62.0
45	2090	81.0	82.0	81.0	62.0	62.0	61.0
46	2092	82.0	82.0	81.0	62.0	62.0	61.0
47	2094	82.0	82.0	81.0	62.0	62.0	61.0
48	2096	82.0	82.0	81.0	62.0	62.0	61.0
49	2098	82.0	82.0	81.0	62.0	62.0	61.0
50	2100	82.0	82.0	81.0	61.0	62.0	61.0
51	2102	82.0	82.0	82.0	61.0	62.0	61.0
52	2104	82.0	82.25	82.0	61.0	62.0	61.0
53	2106	82.0	83.0	82.0	61.0	62.0	61.0
54	2108	82.0	83.0	82.0	61.0	61.0	61.0
55	2110	82.0	83.0	82.0	61.0	61.0	61.0
56	2112	83.0	83.0	82.0	61.0	61.0	60.0
57	2114	83.0	83.0	82.0	61.0	61.0	60.0
58	2116	83.0	83.0	82.0	61.0	61.0	60.0
59	2118	83.0	83.0	82.0	60.5	61.0	60.0
60	2120	83.0	83.0	82.0	60.0	61.0	60.0
61	2122	83.0	83.0	82.75	60.0	61.0	60.0
62	2124	83.0	83.0	83.0	60.0	61.0	60.0
63	2126	83.0	83.25	83.0	60.0	61.0	60.0
64	2128	83.0	84.0	83.0	60.0	60.25	60.0
65	2130	83.0	84.0	83.0	60.0	60.0	59.0
66	2132	83.0	84.0	83.0	60.0	60.0	59.0
67	2134	83.0	84.0	83.0	60.0	60.0	59.0
68	2136	83.0	84.0	83.0	60.0	60.0	59.0
69	2138	83.0	84.0	83.0	60.0	60.0	59.0
70	2140	84.0	84.0	83.0	59.5	60.0	59.0
71	2142	84.0	84.0	83.0	59.0	60.0	59.0
72	2144	84.0	84.0	83.0	59.0	60.0	59.0
73	2146	84.0	84.0	83.0	59.0	60.0	59.0
74	2148	84.0	84.0	84.0	59.0	59.25	58.0
75	2150	84.0	85.0	84.0	59.0	59.0	58.0
76	2152	84.0	85.0	84.0	59.0	59.0	58.0
77	2154	84.0	85.0	84.0	59.0	59.0	58.0
78	2156	84.0	85.0	84.0	59.0	59.0	58.0
79	2158	84.0	85.0	84.0	59.0	59.0	58.0
80	2160	84.0	85.0	84.0	58.0	59.0	58.0
81	2162	84.0	85.0	84.0	58.0	59.0	58.0
82	2164	85.0	85.0	84.0	58.0	59.0	58.0
83	2166	85.0	85.0	84.0	58.0	59.0	58.0
84	2168	85.0	85.0	84.0	58.0	59.0	57.75
85	2170	85.0	85.0	84.0	58.0	58.0	57.0
86	2172	85.0	85.0	84.0	58.0	58.0	57.0
87	2174	85.0	85.0	84.0	58.0	58.0	57.0
88	2176	85.0	86.0	84.0	58.0	58.0	57.0
89	2178	85.0	86.0	85.0	58.0	58.0	57.0
90	2180	85.0	86.0	85.0	57.0	58.0	57.0
91	2182	85.0	86.0	85.0	57.0	58.0	57.0
92	2184	85.0	86.0	85.0	57.0	58.0	57.0
93	2186	85.0	86.0	85.0	57.0	58.0	57.0
94	2188	85.5	86.0	85.0	57.0	58.0	56.0
95	2190	86.0	86.0	85.0	57.0	58.0	56.0
96	2192	86.0	86.0	85.0	57.0	57.25	56.0
97	2194	86.0	86.0	85.0	57.0	57.0	56.0
98	2196	86.0	86.0	85.0	57.0	57.0	56.0
99	2198	86.0	86.0	85.0	57.0	57.0	56.0
100	2200	86.0	86.0	85.0	57.0	57.0	56.0
101	2202	86.0	87.0	86.0	56.0	57.0	56.0
102	2204	86.0	87.0	86.0	56.0	57.0	56.0
103	2206	86.0	87.0	86.0	56.0	57.0	55.75
104	2208	86.0	87.0	86.0	56.0	57.0	55.0
105	2210	86.0	87.0	86.0	56.0	57.0	55.0
106	2212	86.0	87.0	86.0	56.0	56.0	55.0
107	2214	86.0	87.0	86.0	56.0	56.0	55.0
108	2216	86.0	87.0	86.0	56.0	56.0	55.0
109	2218	86.0	87.0	86.0	56.0	56.0	55.0
110	2220	87.0	87.0	86.0	56.0	56.0	55.0
111	2222	87.0	87.0	86.0	55.0	56.0	55.0
112	2224	87.0	87.0	86.0	55.0	56.0	55.0
113	2226	87.0	87.25	86.0	55.0	56.0	55.0
114	2228	87.0	88.0	86.0	55.0	56.0	54.0
115	2230	87.0	88.0	86.0	55.0	56.0	54.0
116	2232	87.0	88.0	86.0	55.0	56.0	54.0
117	2234	87.0	88.0	86.0	55.0	56.0	54.0
118	2236	87.0	88.0	87.0	55.0	56.0	54.0
119	2238	87.0	88.0	87.0	55.0	55.0	54.0
120	2240	87.0	88.0	87.0	55.0	55.0	54.0
121	2242	87.0	88.0	87.0	55.0	55.0	54.0
122	2244	87.0	88.0	87.0	54.0	55.0	54.0
123	2246	87.0	88.0	87.0	54.0	55.0	53.75
124	2248	87.0	88.0	87.0	54.0	55.0	53.0
125	2250	87.0	88.0	87.0	54.0	55.0	53.0
126	2252	88.0	88.0	87.0	54.0	55.0	53.0
127	2254	88.0	88.0	87.0	54.0	55.0	53.0
128	2256	88.0	89.0	87.0	54.0	55.0	53.0
129	2258	88.0	89.0	87.0	54.0	54.0	53.0
130	2260	88.0	89.0	87.0	54.0	54.0	53.0
131	2262	88.0	89.0	87.0	54.0	54.0	53.0
132	2264	88.0	89.0	87.0	53.5	54.0	53.0
133	2266	88.0	89.0	87.75	53.0	54.0	53.0
134	2268	88.0	89.0	88.0	53.0	54.0	52.75
135	2270	88.0	89.0	88.0	53.0	54.0	52.0
136	2272	88.0	89.0	88.0	53.0	54.0	52.0
137	2274	88.5	89.0	88.0	53.0	54.0	52.0
138	2276	88.0	89.0	88.0	53.0	54.0	52.0
139	2278	88.0	89.0	88.0	53.0	54.0	52.0
140	2280	88.5	89.0	88.0	53.0	54.0	52.0
141	2282	89.0	90.0	88.0	53.0	53.0	52.0
142	2284	89.0	90.0	88.0	53.0	53.0	52.0
143	2286	89.0	90.0	88.0	53.0	53.0	52.0
144	2288	89.0	90.0	88.0	52.0	53.0	52.0
145	2290	89.0	90.0	88.0	52.0	53.0	52.0
146	2292	89.0	90.0	88.0	52.0	53.0	52.0
147	2294	89.0	90.0	88.0	52.0	53.0	51.0
148	2296	89.0	90.0	88.0	52.0	53.0	51.0
149	2298	89.0	90.0	88.0	52.0	53.0	51.0
150	2300	89.0	90.0	88.0	52.0	53.0	51.0
151	2302	89.0	90.0	88.75	52.0	53.0	51.0
152	2304	90.0	90.0	88.75	52.0	53.0	51.0
153	2306	90.0	90.0	89.0	52.0	52.0	51.0
154	2308	90.0	90.0	89.0	52.0	52.0	51.0
155	2310	90.0	90.0	89.0	52.0	52.0	51.0
156	2312	90.0	90.25	89.0	51.0	52.0	50.75
157	2314	90.0	90.25	89.0	51.0	52.0	50.0
158	2316	90.0	91.0	89.0	51.0	52.0	50.0
159	2318	90.0	90.25	89.0	51.0	52.0	50.0
160	2320	90.0	91.0	89.0	51.0	52.0	50.0
161	2322	90.0	91.0	89.0	51.0	52.0	50.0
162	2324	90.0	91.0	89.0	51.0	52.0	50.0
163	2326	90.0	91.0	89.0	51.0	52.0	50.0
164	2328	90.0	91.0	89.0	51.0	51.0	50.0
165	2330	90.0	91.0	89.0	51.0	51.0	50.0
166	2332	90.0	91.0	90.0	51.0	51.0	49.75
167	2334	90.0	91.0	90.0	50.5	51.0	49.75
168	2336	90.0	91.0	90.0	50.0	51.0	49.75
169	2338	90.0	91.0	90.0	50.0	51.0	49.0
170	2340	90.0	91.0	90.0	50.0	51.0	49.0
171	2342	90.0	91.0	90.0	50.0	51.0	49.0
172	2344	90.5	91.0	90.0	50.0	51.0	49.0
173	2346	91.0	91.0	90.0	50.0	51.0	49.0
174	2348	91.0	91.0	90.0	50.0	51.0	49.0
175	2350	91.0	91.25	90.0	50.0	51.0	49.0
176	2352	91.0	91.0	90.0	50.0	50.0	49.0
177	2354	91.0	91.25	90.0	50.0	50.0	49.0
178	2356	91.0	91.25	90.0	50.0	50.0	49.0
179	2358	91.0	92.0	90.0	50.0	50.0	48.75
180	2360	91.0	92.0	90.0	49.5	50.0	48.0
181	2362	91.0	92.0	90.0	49.0	50.0	48.0
182	2364	91.0	92.0	90.0	49.0	50.0	48.0
183	2366	91.0	92.0	90.0	49.0	50.0	48.0
184	2368	91.0	92.0	90.0	49.0	50.0	48.0
185	2370	91.0	92.0	90.0	49.0	50.0	48.0
186	2372	91.0	92.0	90.0	49.0	50.0	48.0
187	2374	91.0	92.0	90.0	49.0	50.0	48.0
188	2376	91.0	92.0	90.0	49.0	50.0	48.0
189	2378	91.0	92.0	91.0	49.0	50.0	48.0
190	2380	91.0	92.0	91.0	49.0	49.25	48.0
191	2382	91.0	92.0	91.0	48.5	49.0	48.0
192	2384	91.5	92.0	91.0	49.0	49.0	48.0
193	2386	91.5	92.0	91.0	48.5	49.0	47.75
194	2388	92.0	92.0	91.0	48.0	49.0	47.75
195	2390	92.0	92.0	91.0	48.0	49.0	47.0
196	2392	92.0	92.0	91.0	48.0	49.0	47.0
197	2394	92.0	92.0	91.0	48.0	49.0	47.0
198	2396	92.0	93.0	91.0	48.0	49.0	47.0
199	2398	92.0	93.0	91.0	48.0	49.0	47.0
200	2400	92.0	93.0	91.0	48.0	49.0	47.0
201	2402	92.0	93.0	91.0	48.0	49.0	47.0
202	2404	92.0	93.0	91.0	48.0	49.0	47.0
203	2406	92.0	93.0	91.0	48.0	49.0	47.0
204	2408	92.0	93.0	91.0	47.5	48.25	47.0
205	2410	92.0	93.0	91.0	47.0	48.0	47.0
206	2412	92.0	93.0	91.0	47.0	48.0	46.75
207	2414	92.0	93.0	91.0	47.0	48.0	46.0
208	2416	92.0	93.0	91.0	47.0	48.0	46.0
209	2418	92.0	93.0	91.75	47.0	48.0	46.0
210	2420	92.0	93.25	92.0	47.0	48.0	46.0
211	2422	92.0	93.25	92.0	47.0	48.0	46.0
212	2424	92.5	94.0	92.0	47.0	48.0	46.0
213	2426	93.0	94.0	92.0	47.0	48.0	46.0
214	2428	93.0	94.0	92.0	47.0	48.0	46.0
215	2430	93.0	94.0	92.0	47.0	48.0	46.0
216	2432	93.0	94.0	92.0	47.0	48.0	46.0
217	2434	93.0	94.0	92.0	46.5	48.0	46.0
218	2436	93.0	94.0	92.0	46.5	47.0	46.0
219	2438	93.0	94.0	92.0	46.0	47.0	45.75
220	2440	93.0	94.0	92.0	46.0	47.0	45.0
221	2442	93.0	94.0	92.0	46.0	47.0	45.0
222	2444	93.0	94.0	92.0	46.0	47.0	45.0
223	2446	93.0	94.0	92.0	46.0	47.0	45.0
224	2448	93.0	94.0	92.0	46.0	47.0	45.0
225	2450	93.0	94.0	92.0	46.0	47.0	45.0
226	2452	93.0	94.0	92.0	46.0	47.0	45.0
227	2454	93.0	94.0	92.0	46.0	47.0	45.0
228	2456	93.0	94.0	92.0	46.0	47.0	45.0
229	2458	93.0	94.0	92.0	46.0	47.0	45.0
230	2460	93.0	94.0	92.0	46.0	47.0	45.0
231	2462	93.0	94.0	92.0	46.0	47.0	44.75
232	2464	93.0	94.0	92.0	45.0	47.0	44.0
233	2466	93.0	94.0	93.0	45.0	46.0	44.0
234	2468	93.5	95.0	92.75	45.0	46.0	44.0
235	2470	93.0	94.0	92.75	45.0	46.0	44.0
236	2472	93.0	95.0	92.0	45.0	46.0	44.0
237	2474	94.0	95.0	93.0	45.0	46.0	44.0
238	2476	94.0	95.0	92.75	45.0	46.0	44.0
239	2478	94.0	95.0	92.0	45.0	46.0	44.0
240	2480	94.0	95.0	92.75	45.0	46.0	44.0
241	2482	94.0	95.0	93.0	45.0	46.0	44.0
242	2484	94.0	95.0	93.0	45.0	46.0	44.0
243	2486	94.0	95.0	93.0	45.0	46.0	44.0
244	2488	94.0	95.0	93.0	44.5	46.0	43.75
245	2490	94.0	95.0	93.0	44.0	46.0	43.0
246	2492	94.0	95.0	93.0	44.0	46.0	43.0
247	2494	94.0	95.0	93.0	44.0	46.0	43.0
248	2496	94.0	95.0	93.0	44.0	46.0	43.0
249	2498	94.0	95.0	93.0	44.0	45.25	43.0
250	2500	94.0	95.0	93.0	44.0	45.0	43.0
251	2502	94.0	95.0	93.0	44.0	45.0	43.0
252	2504	94.0	95.0	93.0	44.0	45.0	43.0
253	2506	94.0	95.0	93.0	44.0	45.0	43.0
254	2508	94.0	95.0	93.0	44.0	45.0	42.75
255	2510	94.0	95.0	93.0	44.0	45.0	42.75
256	2512	94.0	96.0	93.0	44.0	45.0	42.75
257	2514	94.0	96.0	93.0	44.0	45.0	42.75
258	2516	94.0	95.25	93.0	44.0	45.0	43.0
259	2518	94.0	95.0	93.0	44.0	45.0	42.75
260	2520	94.0	95.25	93.0	43.5	45.0	42.0
261	2522	94.0	96.0	93.0	43.0	45.0	42.0
262	2524	94.5	96.0	93.75	43.0	45.0	42.0
263	2526	95.0	96.0	93.75	43.0	45.0	42.0
264	2528	94.5	96.0	94.0	43.0	44.0	42.0
265	2530	95.0	96.0	94.0	43.0	44.0	42.0
266	2532	95.0	96.0	94.0	43.0	44.0	42.0
267	2534	95.0	96.0	94.0	43.0	44.0	42.0
268	2536	95.0	96.0	94.0	43.0	44.0	42.0
269	2538	95.0	96.0	94.0	43.0	44.0	42.0
270	2540	95.0	96.0	94.0	43.0	44.0	42.0
271	2542	95.0	96.0	94.0	43.0	44.0	42.0
272	2544	95.0	96.0	94.0	43.0	44.0	42.0
273	2546	95.0	96.0	94.0	42.5	44.0	41.0
274	2548	95.0	96.0	94.0	42.0	44.0	41.0
275	2550	95.0	96.0	94.0	42.0	44.0	41.0
276	2552	95.0	96.0	94.0	42.0	44.0	41.0
277	2554	95.0	96.0	94.0	42.0	44.0	41.0
278	2556	95.0	96.0	94.0	42.0	44.0	41.0
279	2558	95.0	96.0	94.0	42.0	44.0	41.0
280	2560	95.0	96.25	94.0	42.0	43.0	41.0
281	2562	95.0	97.0	94.0	42.0	43.0	41.0
282	2564	95.0	97.0	94.0	42.0	43.0	41.0
283	2566	95.0	96.25	95.0	42.0	43.0	40.0
284	2568	95.0	97.0	94.75	42.0	43.0	40.0
285	2570	95.0	97.0	95.0	42.0	43.0	40.0
286	2572	95.0	97.0	95.0	42.0	43.0	40.75
287	2574	95.0	97.0	95.0	42.0	43.0	40.0
288	2576	95.0	97.0	95.0	42.0	43.0	40.0
289	2578	95.0	97.0	95.0	41.5	43.0	40.0
290	2580	95.0	97.0	95.0	42.0	43.0	40.0
291	2582	95.0	97.0	95.0	41.0	43.0	40.0
292	2584	95.0	97.0	95.0	41.0	43.0	40.0
293	2586	95.5	97.0	95.0	41.0	43.0	40.0
294	2588	95.5	97.0	95.0	41.0	43.0	40.0
295	2590	95.5	97.0	95.0	41.0	43.0	40.0
296	2592	96.0	97.0	95.0	41.0	43.0	40.0
297	2594	95.5	97.0	95.0	41.0	43.0	40.0
298	2596	96.0	97.0	95.0	41.0	43.0	40.0
299	2598	95.5	97.0	95.0	41.0	43.0	40.0
300	2600	96.0	97.0	95.0	41.0	43.0	39.0
301	2602	96.0	97.0	95.0	41.0	43.0	39.0
302	2604	96.0	97.0	95.0	41.0	43.0	39.0
303	2606	96.0	98.0	95.0	41.0	42.0	39.0
304	2608	96.0	98.0	95.0	41.0	42.0	39.0
305	2610	96.0	97.25	95.0	41.0	42.0	39.0
306	2612	96.0	98.0	95.0	40.0	42.0	39.0
307	2614	96.0	98.0	95.0	40.0	42.0	39.0
308	2616	96.0	98.0	95.0	40.0	42.0	39.0
309	2618	96.0	98.0	95.0	40.0	42.0	39.0
310	2620	96.0	98.0	95.0	40.0	42.0	39.0
311	2622	96.0	98.0	95.0	40.0	42.0	39.0
312	2624	96.0	98.0	95.0	40.0	42.0	39.0
313	2626	96.0	98.0	95.0	40.0	42.0	38.75
314	2628	96.0	98.0	95.0	40.0	42.0	39.0
315	2630	96.0	98.0	95.0	40.0	42.0	38.0
316	2632	96.0	98.0	95.0	40.0	42.0	38.0
317	2634	96.5	98.25	95.75	40.0	42.0	38.0
318	2636	97.0	98.0	95.75	40.0	42.0	38.0
319	2638	97.0	98.25	96.0	40.0	41.0	38.0
320	2640	97.0	98.25	95.75	40.0	41.0	38.0
321	2642	97.0	98.25	95.75	39.5	41.0	38.0
322	2644	97.0	98.0	96.0	39.0	41.0	38.0
323	2646	97.0	98.0	95.75	39.5	41.0	38.0
324	2648	97.0	98.25	96.0	39.0	41.0	38.0
325	2650	97.0	98.25	96.0	39.0	41.0	38.0
326	2652	97.0	98.25	96.0	39.0	41.0	38.0
327	2654	97.0	99.0	96.0	39.0	41.0	37.75
328	2656	97.0	98.0	96.0	39.0	41.0	37.75
329	2658	97.0	99.0	96.0	39.0	41.0	37.75
330	2660	97.0	99.0	96.0	39.0	41.0	37.75
331	2662	97.0	99.0	96.0	39.0	41.0	37.75
332	2664	97.0	99.0	96.0	39.0	41.0	37.75
333	2666	97.0	99.0	96.0	39.0	41.0	37.75
334	2668	97.0	99.0	96.0	39.0	41.0	37.0
335	2670	97.0	99.0	96.0	39.0	41.0	37.0
336	2672	97.0	99.0	96.0	39.0	41.0	37.0
337	2674	97.0	99.0	96.0	38.0	41.0	37.0
338	2676	97.5	99.0	96.0	38.0	41.0	37.0
339	2678	98.0	99.0	96.0	38.0	40.25	37.0
340	2680	98.0	99.0	96.0	38.0	40.25	37.0
341	2682	98.0	99.0	96.0	38.0	40.0	37.0
342	2684	98.0	99.0	96.0	38.0	40.0	37.0
343	2686	98.0	99.0	96.0	38.0	40.0	37.0
344	2688	98.0	99.25	96.0	38.0	40.0	37.0
345	2690	98.0	99.0	96.0	38.0	40.0	37.0
346	2692	98.0	99.0	96.0	38.0	40.0	37.0
347	2694	98.0	100.0	96.0	38.0	40.0	37.0
348	2696	98.0	99.0	96.0	38.0	40.0	37.0
349	2698	98.0	100.0	96.0	38.0	40.0	37.0
350	2700	98.0	99.25	96.75	38.0	40.0	37.0
351	2702	98.0	99.25	97.0	38.0	40.0	37.0
352	2704	98.0	99.25	97.0	38.0	40.0	36.75
353	2706	98.0	99.25	97.0	38.0	40.0	36.75
354	2708	98.0	100.0	97.0	38.0	39.25	36.0
355	2710	98.0	100.0	97.0	37.0	39.25	36.0
356	2712	98.0	100.0	97.0	37.0	39.25	36.0
357	2714	98.0	100.0	97.0	37.0	39.25	36.0
358	2716	98.0	100.0	97.0	37.0	39.0	36.0
359	2718	98.0	100.0	97.0	37.0	39.0	36.0
360	2720	98.0	100.0	97.0	37.0	39.0	36.0
361	2722	98.0	100.0	97.0	37.0	39.0	36.0
362	2724	98.0	100.0	97.0	37.0	39.0	36.0
363	2726	98.0	100.0	97.0	37.0	39.0	36.0
364	2728	98.5	100.0	97.0	37.0	39.0	36.0
365	2730	98.0	100.0	97.0	37.0	39.0	36.0
366	2732	99.0	100.0	97.0	37.0	39.0	35.75
367	2734	99.0	100.0	97.0	37.0	39.0	35.75
368	2736	99.0	100.0	97.0	37.0	39.0	35.0
369	2738	99.0	100.0	97.0	36.5	39.0	35.0
370	2740	99.0	100.0	97.0	36.0	39.0	35.0
371	2742	99.0	100.0	97.0	36.0	38.25	35.0
372	2744	99.0	100.0	97.0	36.0	38.25	35.0
373	2746	99.0	100.0	97.0	36.0	38.25	35.0
374	2748	99.0	100.0	97.0	36.0	38.25	35.0
375	2750	99.0	101.0	97.0	36.0	38.25	35.0
376	2752	99.0	101.0	97.0	36.0	38.0	35.0
377	2754	99.0	100.25	98.0	36.0	38.0	35.0
378	2756	99.0	100.25	97.75	36.0	38.0	35.0
379	2758	99.0	101.0	98.0	36.0	38.0	35.0
380	2760	99.0	100.25	98.0	36.0	38.0	35.0
381	2762	99.0	101.0	98.0	36.0	38.0	35.0
382	2764	99.0	101.0	98.0	36.0	38.0	35.0
383	2766	99.0	101.0	98.0	36.0	38.0	35.0
384	2768	99.0	101.0	98.0	36.0	38.0	35.0
385	2770	99.0	101.0	98.0	36.0	38.0	34.0
386	2772	99.0	101.0	98.0	36.0	38.0	34.0
387	2774	99.0	101.0	98.0	36.0	38.0	34.0
388	2776	99.0	101.0	98.0	36.0	38.0	34.0
389	2778	99.5	101.0	98.0	35.5	38.0	34.0
390	2780	99.5	101.0	98.0	35.5	38.0	34.0
391	2782	99.0	101.0	98.0	35.0	38.0	34.0
392	2784	99.0	101.0	98.0	35.0	38.0	34.0
393	2786	99.0	101.0	98.0	35.0	38.0	34.0
394	2788	99.0	101.0	98.0	35.0	38.0	34.0
395	2790	100.0	101.0	98.0	35.0	38.0	34.0
396	2792	99.5	101.0	98.0	35.0	38.0	34.0
397	2794	100.0	101.0	98.0	35.0	37.25	34.0
398	2796	100.0	101.0	98.0	35.0	37.25	34.0
399	2798	100.0	101.0	98.0	35.0	37.0	34.0
400	2800	100.0	101.0	98.0	35.0	37.25	34.0
401	2802	100.0	101.25	98.0	35.0	37.0	34.0
402	2804	100.0	101.25	98.0	35.0	37.0	34.0
403	2806	100.0	101.25	98.0	35.0	37.0	33.0
404	2808	100.0	102.0	98.0	35.0	37.0	33.0
405	2810	100.0	102.0	98.0	35.0	37.0	33.0
406	2812	100.0	102.0	98.0	35.0	37.0	33.0
407	2814	100.0	102.0	98.0	34.5	37.0	33.0
408	2816	100.0	102.0	98.75	34.0	37.0	33.0
409	2818	100.0	102.0	98.0	34.0	37.0	33.0
410	2820	100.0	102.0	98.0	34.0	37.0	33.0
411	2822	100.0	102.0	98.0	34.0	37.0	33.0
412	2824	100.0	102.0	98.75	34.0	37.0	33.0
413	2826	100.0	102.0	99.0	34.0	37.0	33.0
414	2828	100.0	102.0	98.0	34.0	37.0	33.0
415	2830	100.0	102.0	98.75	34.0	37.0	33.0
416	2832	100.0	102.0	98.75	34.0	37.0	33.0
417	2834	100.0	102.0	99.0	34.0	37.0	33.0
418	2836	100.0	102.0	98.75	34.0	36.25	33.0
419	2838	100.5	102.0	99.0	34.0	36.0	32.75
420	2840	100.5	102.0	99.0	34.0	36.0	32.0
421	2842	101.0	102.0	99.0	34.0	36.0	32.0
422	2844	101.0	102.0	99.0	34.0	36.0	32.0
423	2846	101.0	102.0	99.0	33.5	36.0	32.0
424	2848	101.0	102.0	99.0	33.5	36.0	32.0
425	2850	101.0	102.25	99.0	33.5	36.0	32.0
426	2852	101.0	102.0	99.0	33.5	36.0	32.0
427	2854	101.0	102.0	99.0	33.5	36.0	32.0
428	2856	101.0	102.0	99.0	33.0	36.0	32.0
429	2858	101.0	102.25	99.75	33.5	36.0	32.0
430	2860	101.0	102.25	99.0	33.5	36.0	32.0
431	2862	101.0	103.0	99.0	33.0	36.0	31.75
432	2864	101.0	102.25	99.0	33.0	36.0	31.75
433	2866	101.0	103.0	100.0	33.0	36.0	31.0
434	2868	101.0	102.25	99.75	33.0	36.0	31.0
435	2870	101.0	103.0	99.0	33.0	36.0	31.0
436	2872	101.0	102.25	99.75	33.0	36.0	31.0
437	2874	101.0	102.25	100.0	33.0	36.0	31.0
438	2876	101.0	102.25	100.0	33.0	36.0	31.0
439	2878	101.0	103.0	100.0	33.0	35.25	31.0
440	2880	101.0	103.0	100.0	33.0	35.25	31.0
441	2882	101.0	103.0	100.0	33.0	35.0	31.0
442	2884	101.0	103.0	100.0	33.0	35.0	31.0
443	2886	101.0	103.0	100.0	33.0	35.0	31.0
444	2888	101.0	103.0	100.0	33.0	35.0	31.0
445	2890	101.0	103.0	100.0	32.5	35.0	31.0
446	2892	101.5	103.0	100.0	32.5	35.0	30.75
447	2894	101.0	103.0	100.0	33.0	35.0	30.75
448	2896	102.0	103.0	100.0	33.0	35.0	30.75
449	2898	102.0	103.0	100.0	32.0	35.0	30.0
450	2900	102.0	103.0	100.0	32.0	35.0	30.0
451	2902	102.0	103.0	100.0	32.0	35.0	30.0
452	2904	102.0	103.0	100.0	32.0	35.0	30.0
453	2906	102.0	103.0	100.0	32.0	35.0	30.0
454	2908	102.0	103.0	100.0	32.0	35.0	30.0
455	2910	102.0	103.0	100.0	32.0	35.0	30.0
456	2912	102.0	103.0	100.0	32.0	34.25	30.0
457	2914	102.0	103.0	100.0	32.0	34.25	30.0
458	2916	102.0	103.0	100.0	32.0	34.0	30.0
459	2918	102.0	103.0	100.75	32.0	34.0	30.0
460	2920	102.0	103.0	101.0	32.0	34.25	30.0
461	2922	102.0	103.25	101.0	32.0	34.0	30.0
462	2924	102.0	103.25	101.0	32.0	34.0	30.0
463	2926	102.0	104.0	101.0	32.0	34.0	29.0
464	2928	102.0	104.0	101.0	31.0	34.0	29.0
465	2930	102.0	104.0	101.0	31.0	34.0	29.0
466	2932	102.0	104.0	100.75	31.0	34.0	29.0
467	2934	102.0	104.0	101.0	31.0	34.0	29.0
468	2936	102.0	104.0	101.0	31.0	34.0	29.0
469	2938	102.0	104.0	101.0	31.0	34.0	29.0
470	2940	102.0	104.0	101.0	31.0	34.0	29.0
471	2942	102.0	104.0	101.0	31.0	34.0	29.0
472	2944	102.0	104.0	101.0	31.0	34.0	29.0
473	2946	102.0	104.0	101.0	31.0	34.0	29.0
474	2948	102.0	104.0	101.0	31.0	34.0	29.0
475	2950	102.0	104.0	101.0	31.0	34.0	29.0
476	2952	102.0	104.0	101.0	31.0	34.0	29.0
477	2954	102.0	104.0	101.0	31.0	33.25	28.0
478	2956	102.5	104.0	101.0	31.0	33.25	28.75
479	2958	102.5	104.0	101.0	31.0	33.25	28.75
480	2960	103.0	104.25	101.0	30.5	33.0	28.75
481	2962	102.5	105.0	101.0	30.0	33.0	28.75
482	2964	103.0	104.25	101.0	30.5	33.0	28.0
483	2966	102.5	105.0	101.0	30.0	33.0	28.0
484	2968	102.0	105.0	101.0	30.0	33.0	28.0
485	2970	103.0	105.0	101.0	30.0	33.0	28.0
486	2972	103.0	105.0	101.0	30.0	33.0	28.0
487	2974	103.0	105.0	101.0	30.0	33.0	28.0
488	2976	103.0	105.0	101.0	30.0	33.0	28.0
489	2978	103.0	105.0	101.0	30.0	33.0	28.0
490	2980	103.0	105.0	101.0	30.0	33.0	28.0
491	2982	103.0	105.0	101.0	30.0	33.0	27.75
492	2984	103.0	105.0	101.0	30.0	33.0	27.75
493	2986	103.0	105.0	101.0	30.0	33.0	27.75
494	2988	103.0	105.0	101.75	30.0	33.0	27.75
495	2990	103.0	105.0	102.0	30.0	33.0	27.75
496	2992	103.0	105.0	102.0	30.0	33.0	27.75
497	2994	103.0	105.0	102.0	30.0	32.25	27.0
498	2996	103.0	105.0	102.0	30.0	32.0	27.0
499	2998	103.0	105.0	102.0	30.0	32.0	27.0
500	3000	103.0	105.0	102.0	29.0	32.0	27.0
501	3002	103.0	105.0	102.0	29.0	32.0	27.0
502	3004	103.0	105.0	102.0	29.0	32.0	27.0
503	3006	103.0	105.0	102.0	29.0	32.0	27.0
504	3008	103.0	105.0	102.0	29.0	32.0	27.0
505	3010	103.0	105.25	102.0	29.0	32.0	27.0
506	3012	103.0	106.0	102.0	29.0	32.0	27.0
507	3014	103.0	105.25	102.0	29.0	32.0	27.0
508	3016	103.5	105.25	102.0	29.0	31.25	27.0
509	3018	103.5	105.25	102.0	29.0	31.25	27.0
510	3020	104.0	106.0	102.0	29.0	31.25	27.0
511	3022	104.0	106.0	102.0	29.0	31.25	26.0
512	3024	104.0	106.0	102.0	29.0	31.0	26.0
513	3026	104.0	106.0	102.0	29.0	31.0	26.0
514	3028	104.0	106.0	102.0	29.0	31.0	26.0
515	3030	104.0	106.0	102.0	29.0	31.0	26.0
516	3032	104.0	106.0	102.0	29.0	31.0	26.0
517	3034	104.0	106.0	102.0	29.0	31.0	26.0
518	3036	104.0	106.0	102.0	28.5	31.0	26.0
519	3038	104.0	106.0	102.75	28.0	31.0	26.0
520	3040	104.0	106.0	102.75	28.0	31.0	26.0
521	3042	104.0	106.0	102.75	28.0	31.0	26.0
522	3044	104.0	106.0	103.0	28.0	31.0	26.0
523	3046	104.0	107.0	103.0	28.0	31.0	26.0
524	3048	104.0	107.0	103.0	28.0	31.0	26.0
525	3050	104.0	107.0	103.0	28.0	30.25	26.0
526	3052	104.0	107.0	103.0	28.0	30.0	26.0
527	3054	104.5	107.0	103.0	28.0	30.25	25.75
528	3056	105.0	107.0	103.0	28.0	30.0	25.75
529	3058	105.0	107.0	103.0	28.0	30.0	25.75
530	3060	104.0	107.0	103.0	28.0	30.0	25.0
531	3062	105.0	107.0	103.0	28.0	30.0	25.0
532	3064	105.0	107.0	103.0	28.0	30.0	25.0
533	3066	105.0	107.0	103.0	28.0	30.0	25.0
534	3068	105.0	107.0	103.0	28.0	30.0	25.0
535	3070	105.0	107.0	103.0	27.5	30.0	25.0
536	3072	105.0	107.0	103.0	27.0	30.0	25.0
537	3074	105.0	107.0	103.0	27.0	30.0	25.0
538	3076	105.0	107.25	103.0	27.0	30.0	25.0
539	3078	105.0	107.25	103.0	27.0	30.0	25.0
540	3080	105.0	108.0	103.0	27.0	30.0	25.0
541	3082	105.0	108.0	103.0	27.0	30.0	25.0
542	3084	105.0	107.25	103.0	27.0	30.0	25.0
543	3086	105.0	108.0	103.0	27.0	30.0	25.0
544	3088	105.0	108.0	103.0	27.0	30.0	24.75
545	3090	105.0	107.25	103.0	27.0	30.0	24.75
546	3092	105.0	107.25	103.0	27.0	29.25	24.0
547	3094	105.0	108.0	103.0	27.0	29.0	24.0
548	3096	105.0	107.25	103.75	27.0	29.0	24.0
549	3098	105.0	107.0	103.75	27.0	29.0	24.0
550	3100	105.0	107.0	103.0	27.0	29.0	24.0
551	3102	105.0	107.0	103.75	27.0	29.0	24.0
552	3104	105.0	107.0	104.0	27.0	29.0	24.0
553	3106	105.0	107.0	104.0	27.0	29.0	24.0
554	3108	105.0	108.0	104.0	27.0	29.0	24.0
555	3110	105.0	108.0	104.0	27.0	29.0	24.0
556	3112	105.0	108.0	104.0	26.5	29.0	24.0
557	3114	105.5	108.0	104.0	26.0	29.0	24.0
558	3116	106.0	108.0	104.0	26.0	29.0	24.0
559	3118	106.0	108.0	104.0	26.0	29.0	24.0
560	3120	106.0	108.0	104.0	26.0	29.0	24.0
561	3122	106.0	108.0	104.0	26.0	29.0	24.0
562	3124	105.5	108.0	104.0	26.0	29.0	23.75
563	3126	106.0	108.0	104.0	26.0	29.0	23.75
564	3128	106.0	108.0	104.0	26.0	28.0	23.75
565	3130	106.0	108.0	104.0	26.0	28.25	23.0
566	3132	106.0	108.0	104.0	26.0	28.25	23.0
567	3134	106.0	108.0	104.0	26.0	28.0	23.0
568	3136	106.0	108.0	104.0	25.5	28.0	23.0
569	3138	106.0	108.0	104.0	25.5	28.0	23.0
570	3140	106.0	108.0	104.0	25.0	28.0	23.0
571	3142	106.0	108.0	104.0	25.0	28.0	23.0
572	3144	106.0	108.0	104.0	25.0	28.0	23.0
573	3146	106.0	108.0	104.0	25.0	28.0	23.0
574	3148	106.0	108.25	104.75	25.0	28.0	23.0
575	3150	106.0	108.0	104.75	25.0	28.0	23.0
576	3152	106.0	108.0	105.0	25.0	28.0	23.0
577	3154	106.0	108.25	104.75	25.0	28.0	23.0
578	3156	106.0	108.25	104.75	25.0	28.0	23.0
579	3158	106.0	109.0	105.0	25.0	28.0	22.75
580	3160	106.0	109.0	105.0	25.0	28.0	22.0
581	3162	106.0	108.25	105.0	25.0	28.0	22.0
582	3164	106.0	109.0	105.0	25.0	28.0	22.0
583	3166	106.0	109.0	105.0	25.0	27.25	22.0
584	3168	106.0	109.0	105.0	25.0	27.0	22.0
585	3170	106.0	108.25	105.0	25.0	27.0	22.0
586	3172	106.0	109.0	105.0	24.5	27.0	22.0
587	3174	106.0	109.0	105.0	24.0	27.0	22.0
588	3176	106.0	109.0	105.0	24.0	27.0	22.0
589	3178	106.5	109.0	105.0	24.0	27.0	22.0
590	3180	107.0	109.0	105.0	24.0	27.0	22.0
591	3182	107.0	109.0	105.0	24.0	27.0	22.0
592	3184	107.0	109.0	105.0	24.0	27.0	22.0
593	3186	107.0	109.0	105.0	24.0	27.0	22.0
594	3188	107.0	109.0	105.0	24.0	27.0	21.75
595	3190	107.0	109.0	105.0	24.0	27.0	21.0
596	3192	107.0	109.0	105.0	24.0	27.0	21.0
597	3194	107.0	109.0	105.0	24.0	27.0	21.0
598	3196	107.0	109.0	105.0	24.0	27.0	21.0
599	3198	107.0	109.0	105.0	23.5	27.0	21.0
600	3200	107.0	109.0	105.0	23.0	27.0	21.0
601	3202	107.0	109.0	105.0	23.0	27.0	21.0
602	3204	107.0	109.0	105.0	23.0	27.0	21.0
603	3206	107.0	109.0	105.0	23.0	27.0	21.0
604	3208	107.0	109.0	105.75	23.0	27.0	21.0
605	3210	107.5	109.0	106.0	23.0	26.0	20.75
606	3212	107.0	109.0	106.0	23.0	26.0	20.0
607	3214	107.0	109.0	106.0	23.0	26.0	20.0
608	3216	107.5	109.0	106.0	23.0	26.0	20.0
609	3218	108.0	109.0	106.0	23.0	26.0	20.0
610	3220	107.5	109.0	106.0	23.0	26.0	20.0
611	3222	107.0	109.25	106.0	23.0	26.0	20.0
612	3224	108.0	109.25	106.0	23.0	26.0	20.0
613	3226	108.0	109.25	106.0	23.0	26.0	20.0
614	3228	108.0	109.0	106.0	23.0	26.0	20.0
615	3230	108.0	110.0	106.0	23.0	26.0	20.0
616	3232	108.0	110.0	106.0	22.0	26.0	20.0
617	3234	108.0	110.0	106.0	22.0	26.0	20.0
618	3236	108.0	110.0	106.0	22.0	26.0	20.0
619	3238	108.0	110.0	106.0	22.0	26.0	19.0
620	3240	108.0	110.0	106.0	22.0	25.25	19.0
621	3242	108.0	110.0	106.0	22.0	25.25	19.0
622	3244	108.0	110.0	106.0	22.0	25.0	19.0
623	3246	108.0	110.0	106.0	22.0	25.0	19.0
624	3248	108.0	110.0	106.0	22.0	25.0	19.0
625	3250	108.0	110.0	106.0	22.0	25.0	19.0
626	3252	108.0	110.0	106.0	22.0	25.0	19.0
627	3254	108.0	110.0	106.0	22.0	25.0	19.0
628	3256	108.0	110.0	106.0	22.0	25.0	19.0
629	3258	108.0	110.0	106.0	21.5	25.0	19.0
630	3260	108.0	110.0	106.0	21.5	25.0	19.0
631	3262	108.0	110.0	106.0	21.5	25.0	19.0
632	3264	108.0	110.0	106.0	21.0	25.0	19.0
633	3266	108.5	110.0	106.0	21.0	25.0	18.75
634	3268	109.0	110.25	106.0	21.0	25.0	18.0
635	3270	109.0	111.0	106.0	21.0	25.0	18.0
636	3272	109.0	111.0	106.75	21.0	25.0	18.0
637	3274	109.0	111.0	106.75	21.0	25.0	18.0
638	3276	109.0	111.0	107.0	21.0	25.0	18.0
639	3278	109.0	111.0	107.0	21.0	25.0	18.0
640	3280	109.0	111.0	107.0	21.0	24.0	18.0
641	3282	109.0	111.0	107.0	21.0	24.0	18.0
642	3284	109.0	111.0	107.0	21.0	24.0	18.0
643	3286	109.0	111.0	107.0	21.0	24.0	18.0
644	3288	109.0	111.0	107.0	21.0	24.0	18.0
645	3290	109.0	111.0	107.0	20.0	24.0	17.75
646	3292	109.0	111.0	107.0	20.0	24.0	17.75
647	3294	109.0	111.0	107.0	20.0	24.0	17.75
648	3296	109.0	111.0	107.0	20.0	24.0	17.0
649	3298	109.0	111.0	107.0	20.0	24.0	17.0
650	3300	109.0	111.0	107.0	20.0	24.0	17.0
651	3302	109.0	111.0	107.0	20.0	24.0	17.0
652	3304	109.0	111.0	107.0	20.0	24.0	17.0
653	3306	109.0	111.0	107.75	20.0	24.0	17.0
654	3308	109.0	111.0	107.0	20.0	24.0	17.0
655	3310	109.5	111.0	107.0	20.0	24.0	17.0
656	3312	109.0	111.0	107.0	20.0	24.0	16.75
657	3314	109.5	111.0	107.75	20.0	24.0	16.0
658	3316	110.0	112.0	107.0	20.0	24.0	16.0
659	3318	110.0	112.0	107.75	19.5	24.0	16.0
660	3320	109.0	112.0	108.0	19.5	23.25	16.0
661	3322	109.5	111.25	108.0	19.0	23.25	16.0
662	3324	109.5	111.25	108.0	19.0	23.0	16.0
663	3326	110.0	112.0	108.0	19.0	23.0	16.0
664	3328	110.0	112.0	108.0	19.0	23.25	16.0
665	3330	110.0	112.0	108.0	19.0	23.0	16.0
666	3332	110.0	112.0	108.0	19.0	23.0	16.0
667	3334	110.0	112.0	108.0	18.5	23.0	16.0
668	3336	110.0	112.0	108.0	18.5	23.0	16.0
669	3338	110.0	112.0	108.0	18.5	23.0	15.75
670	3340	110.0	112.0	108.0	18.0	23.0	15.75
671	3342	110.0	112.0	108.0	18.0	23.0	15.75
672	3344	110.0	112.0	108.0	18.0	23.0	15.0
673	3346	110.0	112.0	108.0	18.0	23.0	15.0
674	3348	110.0	112.0	108.0	18.0	23.0	15.0
675	3350	110.0	112.0	108.0	18.0	23.0	15.0
676	3352	110.0	112.0	108.0	18.0	23.0	15.0
677	3354	110.0	113.0	108.0	18.0	23.0	15.0
678	3356	110.0	112.25	108.0	18.0	22.25	14.75
679	3358	110.0	112.25	108.0	18.0	22.25	14.75
680	3360	110.0	113.0	108.0	18.0	22.25	14.75
681	3362	110.5	113.0	108.0	18.0	22.25	14.75
682	3364	110.0	113.0	108.0	18.0	22.25	14.0
683	3366	111.0	113.0	108.0	18.0	22.0	14.0
684	3368	110.5	113.0	108.0	17.5	22.0	14.0
685	3370	110.5	113.0	108.75	17.0	22.0	14.0
686	3372	110.0	113.0	109.0	17.0	22.0	14.0
687	3374	111.0	113.0	109.0	17.0	22.0	14.0
688	3376	111.0	113.0	109.0	17.0	22.0	14.0
689	3378	111.0	113.0	109.0	17.0	22.0	14.0
690	3380	111.0	113.0	109.0	17.0	21.25	13.75
691	3382	111.0	113.0	109.0	17.0	21.0	13.75
692	3384	111.0	113.0	109.0	17.0	21.0	13.0
693	3386	111.0	113.0	109.0	17.0	21.0	13.0
694	3388	111.0	113.0	109.0	17.0	21.0	13.0
695	3390	111.0	113.0	109.0	17.0	21.0	13.0
696	3392	111.0	113.0	109.0	17.0	21.0	13.0
697	3394	111.0	113.0	109.0	17.0	21.0	12.0
698	3396	111.0	113.0	109.0	17.0	21.0	12.0
699	3398	111.0	113.0	109.0	17.0	21.0	12.0
700	3400	111.0	113.25	109.0	16.0	21.0	12.0
701	3402	111.0	114.0	109.0	16.0	21.0	12.0
702	3404	111.0	114.0	109.0	16.0	21.0	12.0
703	3406	111.0	114.0	109.0	16.0	20.0	12.0
704	3408	111.5	114.0	109.0	16.0	20.0	12.0
705	3410	111.5	114.0	109.0	16.0	20.0	12.0
706	3412	111.5	114.0	109.0	16.0	20.0	12.0
707	3414	111.5	114.0	109.0	16.0	20.0	12.0
708	3416	111.0	114.0	109.0	16.0	20.0	11.75
709	3418	111.5	114.0	109.75	16.0	20.0	11.75
710	3420	112.0	114.0	110.0	16.0	20.0	11.0
711	3422	111.5	114.0	110.0	16.0	20.0	11.0
712	3424	112.0	114.0	110.0	16.0	20.0	11.0
713	3426	112.0	114.0	110.0	15.5	20.0	11.0
714	3428	112.0	114.25	110.0	15.5	20.0	11.0
715	3430	112.0	114.25	110.0	15.5	20.0	11.0
716	3432	112.0	114.0	110.0	15.0	20.0	11.0
717	3434	112.0	115.0	110.0	15.0	20.0	10.75
718	3436	112.0	115.0	110.0	15.0	20.0	10.0
719	3438	112.0	115.0	110.0	15.0	20.0	10.0
720	3440	112.0	115.0	110.0	15.0	20.0	10.0
721	3442	112.0	115.0	110.0	15.0	20.0	10.0
722	3444	112.0	115.0	110.0	15.0	20.0	10.0
723	3446	112.0	115.0	110.0	15.0	19.0	10.0
724	3448	112.0	115.0	110.0	15.0	19.0	10.0
725	3450	112.0	115.0	110.75	15.0	19.0	10.0
726	3452	112.0	115.0	111.0	15.0	19.0	10.0
727	3454	112.0	115.0	111.0	14.5	19.0	9.75
728	3456	112.0	115.0	110.75	14.0	19.0	9.75
729	3458	112.0	115.0	110.0	14.0	19.0	9.0
730	3460	112.0	115.0	110.0	14.0	19.0	9.0
731	3462	112.0	115.0	111.0	14.0	19.0	9.0
732	3464	112.0	115.0	111.0	14.0	18.25	9.0
733	3466	112.0	115.0	111.0	14.0	18.25	9.0
734	3468	112.0	115.0	111.0	14.0	18.25	9.0
735	3470	112.0	115.0	111.0	13.5	18.25	9.0
736	3472	112.0	115.25	111.0	13.0	18.25	9.0
737	3474	112.0	116.0	111.0	13.0	18.0	9.0
738	3476	113.0	116.0	111.0	13.0	18.0	9.0
739	3478	112.5	116.0	111.0	13.0	18.0	9.0
740	3480	112.0	115.5	111.0	13.0	18.0	9.0
741	3482	112.5	115.0	111.0	13.0	18.0	9.0
742	3484	113.0	115.0	111.0	13.0	18.0	9.0
743	3486	112.0	115.0	111.0	13.0	18.0	8.25
744	3488	112.5	115.75	111.0	13.0	18.0	8.0
745	3490	113.0	115.0	111.0	13.0	18.0	8.0
746	3492	113.0	116.0	111.0	13.0	18.0	8.0
747	3494	113.0	115.75	111.0	12.5	18.0	8.0
748	3496	113.0	115.75	111.0	12.0	17.75	7.25
749	3498	113.0	115.0	111.0	12.0	18.0	8.0
750	3500	113.0	115.0	111.0	13.0	18.0	8.0
751	3502	113.0	116.0	111.5	13.0	18.0	8.0
752	3504	113.0	116.0	112.0	13.0	17.5	8.0
753	3506	113.0	116.0	112.0	13.0	17.5	8.0
754	3508	113.0	116.0	112.0	13.0	18.0	7.5
755	3510	113.0	116.0	112.0	13.0	17.5	7.5
756	3512	113.0	116.0	112.0	13.0	17.5	7.5
757	3514	113.0	116.0	112.0	13.0	17.0	7.5
758	3516	113.0	116.0	112.0	13.0	17.0	7.5
759	3518	113.0	116.0	112.0	13.0	17.0	7.0
760	3520	113.0	116.0	112.0	13.0	17.0	6.5
761	3522	113.0	116.0	112.0	13.0	17.0	6.5
762	3524	113.0	116.0	112.0	13.0	17.0	6.5
763	3526	113.5	116.0	112.0	13.0	17.0	7.0
764	3528	113.5	116.0	112.0	12.5	17.0	6.25
765	3530	114.0	116.0	112.0	12.5	17.0	6.25
766	3532	114.0	116.0	112.0	12.5	17.0	6.25
767	3534	114.0	117.0	112.0	12.0	17.0	6.25
768	3536	114.0	117.0	112.0	12.0	16.0	6.25
769	3538	114.0	117.0	112.0	12.0	16.0	7.0
770	3540	114.0	116.0	112.0	12.0	16.0	7.0
771	3542	114.0	117.0	112.0	12.0	16.0	7.0
772	3544	114.0	117.0	112.0	12.0	16.0	6.75
773	3546	114.0	117.0	112.0	12.0	16.0	6.5
774	3548	114.0	117.0	112.0	12.5	16.0	6.25
775	3550	114.0	117.0	112.0	12.0	16.0	7.0
776	3552	114.0	117.0	112.0	12.0	16.0	6.0
777	3554	114.0	117.0	112.0	12.0	16.0	6.0
778	3556	114.0	117.0	113.0	12.5	16.0	6.0
779	3558	114.0	117.0	113.0	13.0	16.0	7.0
780	3560	114.0	117.0	113.0	12.0	16.0	7.0
781	3562	114.0	117.0	113.0	12.0	16.0	6.5
782	3564	114.5	117.0	113.0	12.0	16.0	7.25
783	3566	115.0	117.0	113.0	12.0	16.0	6.5
784	3568	115.0	117.0	113.0	12.0	16.0	6.25
785	3570	115.0	117.0	113.0	12.0	16.0	6.25
786	3572	115.0	117.0	113.0	12.0	16.0	7.0
787	3574	115.0	117.0	113.0	12.0	16.0	7.0
788	3576	115.0	117.0	113.0	12.0	16.0	7.0
789	3578	115.0	117.0	113.0	12.0	16.0	7.25
790	3580	115.0	117.0	113.0	12.0	16.0	7.0
791	3582	115.0	117.0	113.0	12.0	16.0	7.0
792	3584	115.0	117.0	113.0	12.0	16.0	7.0
793	3586	115.0	117.0	113.0	12.0	15.0	7.0
794	3588	115.0	117.0	113.0	12.0	15.0	6.25
795	3590	115.0	117.0	113.0	12.0	15.25	7.0
796	3592	115.0	117.0	113.0	11.5	15.0	6.75
797	3594	115.0	117.0	113.75	11.5	15.0	6.75
798	3596	115.0	117.0	114.0	11.0	15.0	6.75
799	3598	115.0	117.0	114.0	11.0	15.0	6.0
800	3600	115.0	117.0	114.0	11.0	15.0	6.0
801	3602	115.0	117.0	114.0	11.0	15.0	6.5
802	3604	115.0	117.0	114.0	11.0	14.75	7.0
803	3606	115.0	117.0	114.0	11.0	14.0	7.0
804	3608	115.0	117.0	114.0	11.0	15.0	7.0
805	3610	115.0	117.0	114.0	11.0	14.0	7.0
806	3612	115.0	117.0	114.0	11.0	14.0	6.75
807	3614	115.0	117.0	114.0	11.0	14.75	8.0
808	3616	115.0	117.0	114.0	11.0	14.0	8.0
809	3618	115.5	117.0	114.0	11.0	14.0	8.25
810	3620	115.0	117.0	114.0	11.0	14.0	9.0
811	3622	115.0	117.0	114.0	11.0	14.0	8.0
812	3624	115.0	117.0	114.0	11.0	14.0	8.0
813	3626	115.0	117.0	114.0	11.5	14.0	8.75
814	3628	115.5	117.0	114.0	11.5	14.0	8.0
815	3630	115.5	117.0	114.0	11.5	13.25	8.0
816	3632	116.0	117.0	114.0	11.0	13.5	8.0
817	3634	116.0	117.5	114.0	12.0	13.5	8.0
818	3636	116.0	117.0	114.0	12.0	13.5	8.0
819	3638	116.0	117.5	114.0	11.0	13.5	7.5
820	3640	116.0	117.0	114.0	11.0	13.5	7.0
821	3642	116.0	117.5	114.0	11.0	13.5	7.0
822	3644	116.0	117.0	114.0	11.0	13.5	7.0
823	3646	116.0	117.75	114.0	11.0	13.75	7.25
824	3648	116.0	118.0	114.0	11.0	13.0	7.0
825	3650	116.0	118.0	114.25	10.5	13.0	7.0
826	3652	116.0	118.0	115.0	10.5	13.0	7.0
827	3654	116.0	118.0	115.0	10.0	13.0	7.0
828	3656	116.0	118.0	115.0	10.0	13.0	7.0
829	3658	116.0	118.0	115.0	10.0	13.0	7.0
830	3660	116.5	118.75	115.0	10.0	13.0	6.25
831	3662	116.5	118.0	115.0	10.0	13.0	6.0
832	3664	117.0	118.0	115.0	10.0	12.75	6.0
833	3666	117.0	118.75	115.0	10.0	12.0	6.0
834	3668	116.0	118.0	115.0	10.0	12.25	6.0
835	3670	116.5	118.25	115.0	10.0	12.25	6.0
836	3672	117.0	118.25	115.0	10.0	12.25	6.0
837	3674	116.0	118.0	115.0	10.0	12.0	7.0
838	3676	117.0	118.0	115.0	10.0	12.5	7.0
839	3678	116.0	118.0	115.0	10.0	12.0	6.75
840	3680	116.0	118.0	115.0	10.0	12.0	6.5
841	3682	116.0	118.0	115.0	10.0	12.5	6.0
842	3684	116.0	118.0	115.0	9.0	12.5	6.0
843	3686	117.0	118.5	115.0	9.0	12.5	6.0
844	3688	116.0	118.0	115.0	10.0	13.0	7.75
845	3690	116.0	118.0	115.0	10.0	13.0	7.0
846	3692	116.0	118.0	115.0	10.0	13.0	7.0
847	3694	116.0	118.0	115.0	9.5	13.0	7.0
848	3696	116.0	118.25	115.0	9.5	13.0	7.0
849	3698	116.0	119.0	115.0	9.5	13.0	7.0
850	3700	116.0	119.0	115.0	9.5	13.0	7.0
851	3702	116.5	119.0	115.0	9.0	12.25	7.0
852	3704	117.0	119.0	115.0	9.0	12.0	6.0
